espn_id,espn_league,league,kickoff_utc,kickoff_gmt2,home_espn,away_espn,status,provider,home_open_us,draw_open_us,away_open_us,home_us,draw_us,away_us,home_spread_line,home_spread_us,away_spread_line,away_spread_us,total_line,over_us,under_us,odds_url,home_dec,draw_dec,away_dec,home_open_dec,draw_open_dec,away_open_dec,home_spread_dec,away_spread_dec,over_dec,under_dec,overround,fair_mkt_H,fair_mkt_D,fair_mkt_A,hk,ak
401879268,eng.1,英超,2026-10-10 11:30:00,2026-10-10 13:30,Arsenal,Leeds United,STATUS_SCHEDULED,DraftKings,-340,+425,+800,-260,+400,+700,-1.5,+110,+1.5,-155,2.5,-120,-105,https://www.espn.com/soccer/match/_/gameId/401879268,1.3846153846153846,5.0,8.0,1.2941176470588236,5.25,9.0,2.1,1.6451612903225805,1.8333333333333335,1.9523809523809523,1.0472222222222223,0.689655172413793,0.19098143236074272,0.11936339522546419,arsenal,leeds
401878776,eng.1,英超,2026-10-10 14:00:00,2026-10-10 16:00,Aston Villa,Brentford,STATUS_SCHEDULED,DraftKings,+145,+250,+165,+165,+255,+160,+0.5,-195,-0.5,+140,2.5,-145,+115,https://www.espn.com/soccer/match/_/gameId/401878776,2.65,3.55,2.6,2.45,3.5,2.65,1.5128205128205128,2.4,1.6896551724137931,2.15,1.0436640160264927,0.3615708549603369,0.2699050044070121,0.36852414063265104,astonvilla,brentford
401878775,eng.1,英超,2026-10-10 14:00:00,2026-10-10 16:00,Chelsea,AFC Bournemouth,STATUS_SCHEDULED,DraftKings,-130,+310,+285,-150,+320,+370,-0.5,-160,+0.5,+115,3.5,+125,-155,https://www.espn.com/soccer/match/_/gameId/401878775,1.6666666666666665,4.2,4.7,1.7692307692307692,4.1,3.85,1.625,2.15,2.25,1.6451612903225805,1.0508611955420468,0.5709602776706517,0.22657153875819508,0.20246818357115307,chelsea,bournemouth
401879265,eng.1,英超,2026-10-10 14:00:00,2026-10-10 16:00,Ipswich Town,Fulham,STATUS_SCHEDULED,DraftKings,+160,+250,+150,+185,+255,+140,+0.5,-180,-0.5,+130,2.5,-135,+110,https://www.espn.com/soccer/match/_/gameId/401879265,2.85,3.55,2.4,2.6,3.5,2.5,1.5555555555555556,2.3,1.7407407407407407,2.1,1.0492340004941934,0.33441271710332643,0.2684721813364733,0.39711510156020013,ipswich,fulham
401878772,eng.1,英超,2026-10-10 14:00:00,2026-10-10 16:00,Sunderland,Brighton & Hove Albion,STATUS_SCHEDULED,DraftKings,+175,+240,+140,+195,+255,+135,+0.5,-165,-0.5,+120,2.5,-125,+100,https://www.espn.com/soccer/match/_/gameId/401878772,2.95,3.55,2.35,2.75,3.4,2.4,1.606060606060606,2.2,1.8,2.0,1.046205106586145,0.32401204000388384,0.2692494416933683,0.4067385183027478,sunderland,brighton
401878773,eng.1,英超,2026-10-10 16:30:00,2026-10-10 18:30,Manchester United,Tottenham Hotspur,STATUS_SCHEDULED,DraftKings,-145,+310,+330,-140,+330,+340,-0.5,-155,+0.5,+110,3.5,+125,-155,https://www.espn.com/soccer/match/_/gameId/401878773,1.7142857142857144,4.3,4.4,1.6896551724137931,4.1,4.3,1.6451612903225805,2.1,2.25,1.6451612903225805,1.0431642001409442,0.5591960817429488,0.22293531498057761,0.2178686032764736,manunited,tottenham
401879266,eng.1,英超,2026-10-11 13:00:00,2026-10-11 15:00,Crystal Palace,Nottingham Forest,STATUS_SCHEDULED,DraftKings,+160,+235,+160,+165,+240,+170,-0.5,+145,+0.5,-205,2.5,-115,-110,https://www.espn.com/soccer/match/_/gameId/401879266,2.65,3.4,2.7,2.6,3.35,2.6,2.45,1.4878048780487805,1.8695652173913042,1.9090909090909092,1.0418465079952317,0.36220161767607023,0.2823042020122312,0.3554941803116985,crystalpalace,nottmforest
401878774,eng.1,英超,2026-10-11 13:00:00,2026-10-11 15:00,Hull City,Everton,STATUS_SCHEDULED,DraftKings,+260,+230,+105,+265,+250,+105,+0.5,-135,-0.5,-105,2.5,-105,-120,https://www.espn.com/soccer/match/_/gameId/401878774,3.65,3.5,2.05,3.6,3.3,2.05,1.7407407407407407,1.9523809523809523,1.9523809523809523,1.8333333333333335,1.0474917665027923,0.26155107992344845,0.27276041192016764,0.46568850815638385,hull,everton
401879264,eng.1,英超,2026-10-11 15:30:00,2026-10-11 17:30,Liverpool,Manchester City,STATUS_SCHEDULED,DraftKings,+175,+260,+135,+165,+270,+150,+0.5,-185,-0.5,+135,3.5,+140,-175,https://www.espn.com/soccer/match/_/gameId/401879264,2.65,3.7,2.5,2.75,3.6,2.35,1.5405405405405406,2.35,2.4,1.5714285714285714,1.0476287608363082,0.360202492211838,0.25798286604361365,0.38181464174454827,liverpool,mancity
401879267,eng.1,英超,2026-10-12 19:00:00,2026-10-12 21:00,Coventry City,Newcastle United,STATUS_SCHEDULED,DraftKings,+225,+250,+110,+235,+260,+105,+0.5,-140,-0.5,-105,2.5,-155,+120,https://www.espn.com/soccer/match/_/gameId/401879267,3.35,3.6,2.05,3.25,3.5,2.1,1.7142857142857144,1.9523809523809523,1.6451612903225805,2.2,1.0640901185131255,0.2805283664354271,0.26104722987741136,0.4584244036871615,coventry,newcastle
401882851,esp.1,西甲,2026-10-09 19:00:00,2026-10-09 21:00,Málaga,Espanyol,STATUS_SCHEDULED,DraftKings,+140,+225,+190,+190,+215,+160,+0.5,-200,-0.5,+140,2.5,+100,-120,https://www.espn.com/soccer/match/_/gameId/401882851,2.9,3.15,2.6,2.4,3.25,2.9,1.5,2.4,2.0,1.8333333333333335,1.0469032882825986,0.3293786446812789,0.30323748240498694,0.36738387291373414,malaga,espanyol
401882849,esp.1,西甲,2026-10-10 12:00:00,2026-10-10 14:00,Rayo Vallecano,Athletic Club,STATUS_SCHEDULED,DraftKings,+200,+235,+130,+170,+240,+160,+0.5,-205,-0.5,+145,2.5,-110,-115,https://www.espn.com/soccer/match/_/gameId/401882849,2.7,3.4,2.6,3.0,3.35,2.3,1.4878048780487805,2.45,1.9090909090909092,1.8695652173913042,1.0491034020445784,0.3530351437699681,0.2803514376996806,0.36661341853035145,vallecano,athleticclub
401882856,esp.1,西甲,2026-10-10 14:15:00,2026-10-10 16:15,Alavés,Atlético Madrid,STATUS_SCHEDULED,DraftKings,+260,+250,-105,+320,+275,-120,+0.5,-105,-0.5,-130,2.5,-120,-105,https://www.espn.com/soccer/match/_/gameId/401882856,4.2,3.75,1.8333333333333335,3.6,3.5,1.9523809523809523,1.9523809523809523,1.7692307692307692,1.8333333333333335,1.9523809523809523,1.0502164502164502,0.2267106347897774,0.2539159109645507,0.5193734542456718,alaves,athmadrid
401882853,esp.1,西甲,2026-10-10 16:30:00,2026-10-10 18:30,Barcelona,Getafe,STATUS_SCHEDULED,DraftKings,-2500,+1400,+2500,-1200,+1100,+2200,-2.5,-145,+2.5,+105,3.5,-140,+115,https://www.espn.com/soccer/match/_/gameId/401882853,1.0833333333333333,12.0,23.0,1.04,15.0,26.0,1.6896551724137931,2.05,1.7142857142857144,2.15,1.0498885172798216,0.8792142288293072,0.07937350676931244,0.04141226440138041,barcelona,getafe
401882848,esp.1,西甲,2026-10-10 19:00:00,2026-10-10 21:00,Real Madrid,Villarreal,STATUS_SCHEDULED,DraftKings,-425,+550,+800,-265,+475,+550,-1.5,-115,+1.5,-120,3.5,-140,+110,https://www.espn.com/soccer/match/_/gameId/401882848,1.3773584905660377,5.75,6.5,1.2352941176470589,6.5,9.0,1.8695652173913042,1.8333333333333335,1.7142857142857144,2.1,1.0537865945846887,0.6889700447806617,0.1650363027694448,0.14599365244989349,realmadrid,villarreal
401882854,esp.1,西甲,2026-10-11 12:00:00,2026-10-11 14:00,Elche,Celta Vigo,STATUS_SCHEDULED,DraftKings,+185,+215,+150,+180,+230,+160,+0.5,-205,-0.5,+145,2.5,+100,-120,https://www.espn.com/soccer/match/_/gameId/401882854,2.8,3.3,2.6,2.85,3.15,2.5,1.4878048780487805,2.45,2.0,1.8333333333333335,1.0447885447885448,0.34183266932270917,0.2900398406374502,0.36812749003984063,elche,celtavigo
401882847,esp.1,西甲,2026-10-11 14:15:00,2026-10-11 16:15,Real Sociedad,Deportivo,STATUS_SCHEDULED,DraftKings,-115,+255,+295,-160,+310,+450,-0.5,-175,+0.5,+125,2.5,-135,+110,https://www.espn.com/soccer/match/_/gameId/401882847,1.625,4.1,5.5,1.8695652173913042,3.55,3.95,1.5714285714285714,2.25,1.7407407407407407,2.1,1.0411052362271875,0.5910878112712975,0.23427260812581913,0.17463958060288334,sociedad,lacoruna
401882855,esp.1,西甲,2026-10-11 16:30:00,2026-10-11 18:30,Real Betis,Osasuna,STATUS_SCHEDULED,DraftKings,-185,+320,+450,-190,+350,+475,-0.5,-200,+0.5,+145,2.5,-135,+105,https://www.espn.com/soccer/match/_/gameId/401882855,1.526315789473684,4.5,5.75,1.5405405405405406,4.2,5.5,1.5,2.45,1.7407407407407407,2.05,1.0513076794935867,0.6231975915068927,0.21137696086198696,0.16542544763112024,betis,osasuna
401882850,esp.1,西甲,2026-10-11 19:00:00,2026-10-11 21:00,Racing Santander,Valencia,STATUS_SCHEDULED,DraftKings,-105,+265,+255,+130,+255,+200,-0.5,+120,+0.5,-165,2.5,-150,+120,https://www.espn.com/soccer/match/_/gameId/401882850,2.3,3.55,3.0,1.9523809523809523,3.65,3.55,2.2,1.606060606060606,1.6666666666666665,2.2,1.0498060828740559,0.41415516235660127,0.2683258798366712,0.3175189578067276,racingsantander,valencia
401882852,esp.1,西甲,2026-10-12 19:00:00,2026-10-12 21:00,Levante,Sevilla,STATUS_SCHEDULED,DraftKings,+160,+225,+165,+170,+225,+160,+0.5,-210,-0.5,+140,2.5,+100,-130,https://www.espn.com/soccer/match/_/gameId/401882852,2.7,3.25,2.6,2.6,3.25,2.65,1.4761904761904763,2.4,2.0,1.7692307692307692,1.0626780626780628,0.34852546916890076,0.28954423592493295,0.3619302949061662,levante,sevilla
401876447,fra.1,法甲,2026-10-09 18:45:00,2026-10-09 20:45,Lens,Lyon,STATUS_SCHEDULED,DraftKings,+115,+265,+200,+155,+270,+160,-0.5,+140,+0.5,-195,3.5,+130,-165,https://www.espn.com/soccer/match/_/gameId/401876447,2.55,3.7,2.6,2.15,3.65,3.0,2.4,1.5128205128205128,2.3,1.606060606060606,1.047042517630753,0.3745376678995523,0.2581273116605022,0.3673350204399454,lens,lyon
401876446,fra.1,法甲,2026-10-10 15:15:00,2026-10-10 17:15,Lille,Le Havre AC,STATUS_SCHEDULED,DraftKings,-255,+370,+600,-225,+390,+550,-1.5,+110,+1.5,-155,2.5,-160,+125,https://www.espn.com/soccer/match/_/gameId/401876446,1.4444444444444444,4.9,6.5,1.392156862745098,4.7,7.0,2.1,1.6451612903225805,1.625,2.25,1.0502354788069073,0.6591928251121076,0.19431988041853512,0.14648729446935727,lille,lehavre
401876444,fra.1,法甲,2026-10-10 18:45:00,2026-10-10 20:45,AS Monaco,Toulouse,STATUS_SCHEDULED,DraftKings,-135,+295,+320,-165,+340,+400,-0.5,-185,+0.5,+130,2.5,-170,+135,https://www.espn.com/soccer/match/_/gameId/401876444,1.606060606060606,4.4,5.0,1.7407407407407407,3.95,4.2,1.5405405405405406,2.3,1.5882352941176472,2.35,1.0499142367066896,0.5930403528835159,0.2164678974023852,0.190491749714099,monaco,toulouse
401876448,fra.1,法甲,2026-10-10 18:45:00,2026-10-10 20:45,Brest,Angers,STATUS_SCHEDULED,DraftKings,-110,+265,+270,+100,+270,+260,-0.5,-110,+0.5,-125,2.5,-135,+105,https://www.espn.com/soccer/match/_/gameId/401876448,2.0,3.7,3.6,1.9090909090909092,3.65,3.7,1.9090909090909092,1.8,1.7407407407407407,2.05,1.0480480480480479,0.47707736389684824,0.25787965616045844,0.2650429799426935,brest,angers
401876445,fra.1,法甲,2026-10-10 18:45:00,2026-10-10 20:45,Lorient,Paris FC,STATUS_SCHEDULED,DraftKings,+195,+240,+130,+225,+235,+125,+0.5,-160,-0.5,+115,2.5,-110,-115,https://www.espn.com/soccer/match/_/gameId/401876445,3.25,3.35,2.25,2.95,3.4,2.3,1.625,2.15,1.9090909090909092,1.8695652173913042,1.0506442148233193,0.29286061194754737,0.28411850412821754,0.42302088392423504,lorient,parisfc
401876442,fra.1,法甲,2026-10-10 18:45:00,2026-10-10 20:45,Paris Saint-Germain,Le Mans,STATUS_SCHEDULED,DraftKings,-1000,+900,+1500,-1100,+1100,+2000,-2.5,-145,+2.5,+105,3.5,-165,+130,https://www.espn.com/soccer/match/_/gameId/401876442,1.0909090909090908,12.0,21.0,1.1,10.0,16.0,1.6896551724137931,2.05,1.606060606060606,2.3,1.0476190476190477,0.875,0.07954545454545453,0.04545454545454545,parissg,lemans
401876443,fra.1,法甲,2026-10-11 13:00:00,2026-10-11 15:00,Nice,Strasbourg,STATUS_SCHEDULED,DraftKings,+120,+250,+200,+135,+260,+195,-0.5,+120,+0.5,-170,2.5,-145,+115,https://www.espn.com/soccer/match/_/gameId/401876443,2.35,3.6,2.95,2.2,3.5,3.0,2.2,1.5882352941176472,1.6896551724137931,2.15,1.0422927435188525,0.4082652570879385,0.2665064872657376,0.32522825564632385,nice,strasbourg
401876441,fra.1,法甲,2026-10-11 15:15:00,2026-10-11 17:15,Stade Rennais,AJ Auxerre,STATUS_SCHEDULED,DraftKings,-245,+400,+550,-225,+400,+550,-1.5,+105,+1.5,-150,3.5,+120,-150,https://www.espn.com/soccer/match/_/gameId/401876441,1.4444444444444444,5.0,6.5,1.4081632653061225,5.0,6.5,2.05,1.6666666666666665,2.2,1.6666666666666665,1.046153846153846,0.661764705882353,0.19117647058823534,0.1470588235294118,rennes,auxerre
401876440,fra.1,法甲,2026-10-11 18:45:00,2026-10-11 20:45,Troyes,Marseille,STATUS_SCHEDULED,DraftKings,+255,+275,-110,+275,+290,-110,+0.5,-115,-0.5,-120,2.5,-175,+135,https://www.espn.com/soccer/match/_/gameId/401876440,3.75,3.9,1.9090909090909092,3.55,3.75,1.9090909090909092,1.8695652173913042,1.8333333333333335,1.5714285714285714,2.35,1.046886446886447,0.2547235829251224,0.244926522043387,0.5003498950314905,troyes,marseille
401884781,ger.1,德甲,2026-10-09 18:30:00,2026-10-09 20:30,Borussia Dortmund,Werder Bremen,STATUS_SCHEDULED,DraftKings,-275,+390,+500,-290,+425,+600,-1.5,-120,+1.5,-115,3.5,-110,-115,https://www.espn.com/soccer/match/_/gameId/401884781,1.3448275862068966,5.25,7.0,1.3636363636363638,4.9,6.0,1.8333333333333335,1.8695652173913042,1.9090909090909092,1.8695652173913042,1.0769230769230769,0.6904761904761906,0.17687074829931973,0.1326530612244898,dortmund,werderbremen
401884775,ger.1,德甲,2026-10-10 13:30:00,2026-10-10 15:30,1. FC Union Berlin,SV Elversberg,STATUS_SCHEDULED,DraftKings,+105,+265,+190,+130,+265,+170,-0.5,+120,+0.5,-170,3.5,+125,-160,https://www.espn.com/soccer/match/_/gameId/401884775,2.3,3.65,2.7,2.05,3.65,2.9,2.2,1.5882352941176472,2.25,1.625,1.0791255818057486,0.4029026982829109,0.25388389206868356,0.3432134096484055,unionberlin,elversberg
401884777,ger.1,德甲,2026-10-10 13:30:00,2026-10-10 15:30,FC Augsburg,Bayern Munich,STATUS_SCHEDULED,DraftKings,+750,+650,-575,+900,+700,-575,+2.5,-135,-2.5,-105,4.5,-110,-115,https://www.espn.com/soccer/match/_/gameId/401884777,10.0,8.0,1.1739130434782608,8.5,7.5,1.1739130434782608,1.7407407407407407,1.9523809523809523,1.9090909090909092,1.8695652173913042,1.076851851851852,0.09286328460877041,0.11607910576096302,0.7910576096302666,augsburg,bayernmunich
401884776,ger.1,德甲,2026-10-10 13:30:00,2026-10-10 15:30,Mainz,Bayer Leverkusen,STATUS_SCHEDULED,DraftKings,+180,+260,+110,+190,+275,+115,+0.5,-150,-0.5,+105,3.5,+110,-140,https://www.espn.com/soccer/match/_/gameId/401884776,2.9,3.75,2.15,2.8,3.6,2.1,1.6666666666666665,2.05,2.1,1.7142857142857144,1.0766105319433306,0.3202899990068528,0.24769093256529945,0.4320190684278479,mainz05,leverkusen
401884773,ger.1,德甲,2026-10-10 13:30:00,2026-10-10 15:30,SC Paderborn 07,VfB Stuttgart,STATUS_SCHEDULED,DraftKings,+330,+330,-175,+370,+350,-185,+0.5,+135,-0.5,-190,3.5,-110,-115,https://www.espn.com/soccer/match/_/gameId/401884773,4.7,4.5,1.5405405405405406,4.3,4.3,1.5714285714285714,2.35,1.526315789473684,1.9090909090909092,1.8695652173913042,1.0841109866865746,0.19625846436359462,0.2049810627797544,0.598760472856651,paderborn,vfbstuttgart
401884779,ger.1,德甲,2026-10-10 13:30:00,2026-10-10 15:30,TSG Hoffenheim,Hamburg SV,STATUS_SCHEDULED,Bet 365,,,,,,,,,,,,,,https://www.espn.com/soccer/match/_/gameId/401884779,,,,,,,,,,,0.0,,,,hoffenheim,hamburgersv
401884780,ger.1,德甲,2026-10-10 16:30:00,2026-10-10 18:30,RB Leipzig,Eintracht Frankfurt,STATUS_SCHEDULED,DraftKings,-225,+370,+400,-180,+360,+350,-1.5,+130,+1.5,-185,3.5,-140,+110,https://www.espn.com/soccer/match/_/gameId/401884780,1.5555555555555556,4.6,4.5,1.4444444444444444,4.7,5.0,2.3,1.5405405405405406,1.7142857142857144,2.1,1.0824706694271913,0.593879502709595,0.20082881734140898,0.20529167994899583,rbleipzig,einfrankfurt
401884774,ger.1,德甲,2026-10-11 13:30:00,2026-10-11 15:30,FC Cologne,Borussia Mönchengladbach,STATUS_SCHEDULED,DraftKings,-130,+280,+260,+100,+285,+210,-0.5,-105,+0.5,-135,3.5,+125,-155,https://www.espn.com/soccer/match/_/gameId/401884774,2.0,3.85,3.1,1.7692307692307692,3.8,3.6,1.9523809523809523,1.7407407407407407,2.25,1.6451612903225805,1.08232090490155,0.4619701954712599,0.2399845171279272,0.2980452874008128,fckoln,borussiamgladbach
401884778,ger.1,德甲,2026-10-11 15:30:00,2026-10-11 17:30,SC Freiburg,Schalke 04,STATUS_SCHEDULED,DraftKings,-175,+295,+370,-160,+285,+380,-0.5,-165,+0.5,+120,2.5,-165,+130,https://www.espn.com/soccer/match/_/gameId/401884778,1.625,3.85,4.8,1.5714285714285714,3.95,4.7,1.606060606060606,2.2,1.606060606060606,2.3,1.0834582084582085,0.5679818663798072,0.23973260593952894,0.19228552768066387,freiburg,schalke04
401874947,ita.1,意甲,2026-10-10 13:00:00,2026-10-10 15:00,Genoa,Fiorentina,STATUS_SCHEDULED,DraftKings,+200,+215,+120,+210,+215,+125,+0.5,-165,-0.5,+120,2.5,+105,-130,https://www.espn.com/soccer/match/_/gameId/401874947,3.1,3.15,2.25,3.0,3.15,2.2,1.606060606060606,2.2,2.05,1.7692307692307692,1.0844854070660521,0.2974504249291785,0.2927289896128423,0.4098205854579792,genoa,fiorentina
401875021,ita.1,意甲,2026-10-10 16:00:00,2026-10-10 18:00,Internazionale,Parma,STATUS_SCHEDULED,DraftKings,-800,+650,+1100,-800,+750,+1400,-2.5,-105,+2.5,-135,3.5,-115,-115,https://www.espn.com/soccer/match/_/gameId/401875021,1.125,8.5,15.0,1.125,7.5,12.0,1.9523809523809523,1.7407407407407407,1.8695652173913042,1.8695652173913042,1.073202614379085,0.8282582216808769,0.10962241169305725,0.06211936662606578,inter,parmacalcio1913
401874754,ita.1,意甲,2026-10-10 18:45:00,2026-10-10 20:45,Napoli,Frosinone,STATUS_SCHEDULED,DraftKings,-225,+330,+450,-230,+370,+500,-1.5,+110,+1.5,-150,3.5,+120,-150,https://www.espn.com/soccer/match/_/gameId/401874754,1.434782608695652,4.7,6.0,1.4444444444444444,4.3,5.5,2.1,1.6666666666666665,2.2,1.6666666666666665,1.0764023210831721,0.6474992512728363,0.1976639712488769,0.15483677747828692,napoli,frosinone
401874940,ita.1,意甲,2026-10-11 10:30:00,2026-10-11 12:30,Como,AS Roma,STATUS_SCHEDULED,DraftKings,+145,+235,+155,+155,+240,+155,-0.5,+145,+0.5,-205,2.5,-160,+125,https://www.espn.com/soccer/match/_/gameId/401874940,2.55,3.4,2.55,2.45,3.35,2.55,2.45,1.4878048780487805,1.625,2.25,1.0784313725490198,0.36363636363636365,0.2727272727272727,0.36363636363636365,como,roma
401874951,ita.1,意甲,2026-10-11 13:00:00,2026-10-11 15:00,Lazio,Monza,STATUS_SCHEDULED,DraftKings,-150,+250,+350,-180,+295,+425,-0.5,-185,+0.5,+135,2.5,-120,-105,https://www.espn.com/soccer/match/_/gameId/401874951,1.5555555555555556,3.95,5.25,1.6666666666666665,3.5,4.5,1.5405405405405406,2.35,1.8333333333333335,1.9523809523809523,1.0864978902953586,0.5916782246879334,0.23300970873786406,0.1753120665742025,lazio,monza
401874776,ita.1,意甲,2026-10-11 13:00:00,2026-10-11 15:00,Lecce,Bologna,STATUS_SCHEDULED,DraftKings,+295,+215,-115,+320,+220,-110,+0.5,-120,-0.5,-120,2.5,+110,-140,https://www.espn.com/soccer/match/_/gameId/401874776,4.2,3.2,1.9090909090909092,3.95,3.15,1.8695652173913042,1.8333333333333335,1.8333333333333335,2.1,1.7142857142857144,1.0744047619047619,0.22160664819944598,0.29085872576177285,0.4875346260387812,lecce,bologna
401874789,ita.1,意甲,2026-10-11 16:00:00,2026-10-11 18:00,Sassuolo,AC Milan,STATUS_SCHEDULED,DraftKings,+300,+250,-130,+295,+265,-125,+0.5,-105,-0.5,-130,2.5,-135,+105,https://www.espn.com/soccer/match/_/gameId/401874789,3.95,3.65,1.8,4.0,3.5,1.7692307692307692,1.9523809523809523,1.7692307692307692,1.7407407407407407,2.05,1.082692715257307,0.23382863244060856,0.25304742414805587,0.5131239434113355,sassuolo,milan
401874764,ita.1,意甲,2026-10-11 18:45:00,2026-10-11 20:45,Cagliari,Juventus,STATUS_SCHEDULED,DraftKings,+450,+275,-190,+475,+285,-185,+0.5,+140,-0.5,-195,2.5,+100,-125,https://www.espn.com/soccer/match/_/gameId/401874764,5.75,3.85,1.5405405405405406,5.5,3.75,1.526315789473684,2.4,1.5128205128205128,2.0,1.8,1.0827761102360645,0.1606177323586727,0.23988362624996568,0.5994986413913617,cagliari,juventus
401875005,ita.1,意甲,2026-10-12 16:30:00,2026-10-12 18:30,Atalanta,Venezia,STATUS_SCHEDULED,DraftKings,-175,+275,+390,-185,+295,+425,-1.5,+135,+1.5,-200,3.5,+135,-175,https://www.espn.com/soccer/match/_/gameId/401875005,1.5405405405405406,3.95,5.25,1.5714285714285714,3.75,4.9,2.35,1.5,2.35,1.5714285714285714,1.0927635544557597,0.5940194512991726,0.23167368268253732,0.17430686601829,atalanta,venezia
401874763,ita.1,意甲,2026-10-12 18:45:00,2026-10-12 20:45,Torino,Udinese,STATUS_SCHEDULED,DraftKings,+120,+215,+200,+125,+210,+205,-0.5,+120,+0.5,-175,2.5,+110,-145,https://www.espn.com/soccer/match/_/gameId/401874763,2.25,3.1,3.05,2.2,3.15,3.0,2.2,1.5714285714285714,2.1,1.6896551724137931,1.094893942064751,0.4059246538585382,0.2946227326392616,0.29945261350220037,torino,udinese
