date,kickoff_utc,understat_id,division,league,home_team,away_team,b_lambda_home,b_lambda_away,p_B_H,p_B_D,p_B_A,p_bayes_H,p_bayes_D,p_bayes_A,sd_bayes_H,sd_bayes_D,sd_bayes_A,bayes_lambda_home,bayes_lambda_away,b_top_selection,b_top_probability,b_min_odds_ev1pct,bayes_top_selection,bayes_top_probability,bayes_mean_sd,model_direction_agreement
2026-10-09,2026-10-09 18:30:00,32283,D1,德甲,Dortmund,Werder Bremen,2.210908633777725,0.673997110602207,0.7255395853682334,0.17575174758720594,0.09870866704456073,0.6528765243215008,0.19783164148639473,0.14929183419210448,0.12234642648626835,0.054027582371999144,0.07614434297589945,2.3677809011859825,1.0108890497581622,H,0.7255395853682334,1.39206739421033,H,0.6528765243215008,0.08417278394472232,True
2026-10-09,2026-10-09 18:45:00,31986,F1,法甲,Lens,Lyon,2.2425753087572593,0.8493865254887075,0.6894349227583141,0.1829482512391486,0.12761682600253724,0.5362961943547333,0.2148360457061511,0.2488677599391157,0.13538325757019698,0.0422107850526998,0.1076836252142822,2.2171401219047615,1.4412742902443947,H,0.6894349227583141,1.4649678550647804,H,0.5362961943547333,0.09509255594572631,True
2026-10-09,2026-10-09 19:00:00,30845,SP1,西甲,Malaga,Espanyol,1.1093807717424908,1.5132462805624343,0.2782448210483049,0.2562844426125228,0.4654707363391723,0.31938503351997277,0.27473001255596524,0.405884953924062,0.12289052961030024,0.044979130249634555,0.13345092847444814,1.247574597265583,1.4479931804149906,A,0.4654707363391723,2.1698463966680994,A,0.405884953924062,0.10044019611146097,True
2026-10-10,2026-10-10 11:30:00,31230,E0,英超,Arsenal,Leeds,2.0793101547969197,0.793012648771143,0.6720482463695877,0.19611402068868078,0.1318377329417314,0.5784913593710023,0.23902046050778078,0.18248818012121698,0.12223188302462716,0.051906740370999856,0.0814175591034756,1.9130955003070402,0.9525434951326739,H,0.6720482463695877,1.5028682917573724,H,0.5784913593710023,0.08518539416636754,True
2026-10-10,2026-10-10 12:00:00,30847,SP1,西甲,Vallecano,Athletic Club,1.8200503214268853,1.1917904545098488,0.5209185333728336,0.2298112161412258,0.24927025048594045,0.3798077969102415,0.25487371937979897,0.3653184837099595,0.12996404467286865,0.03926599481742716,0.1279704088471156,1.5496915811100134,1.5135345891301075,H,0.5209185333728336,1.9388828296441498,H,0.3798077969102415,0.09906681611247048,True
2026-10-10,2026-10-10 13:00:00,31613,I1,意甲,Genoa,Fiorentina,1.5458170619617913,1.156020732259003,0.4630212033420385,0.252422277761695,0.2845565188962666,0.39022206523872344,0.26624485754821403,0.34353307721306253,0.1208353536874704,0.037287099164112276,0.1151559293046919,1.4896773314412397,1.3789259025061198,H,0.4630212033420385,2.181325590944704,H,0.39022206523872344,0.09109279405209153,True
2026-10-10,2026-10-10 13:30:00,32282,D1,德甲,Augsburg,Bayern Munich,1.6038419029777329,2.5503900065569485,0.23329493306310847,0.18444612134174015,0.5822589455951515,0.1970661885936689,0.1759479716361208,0.6269858397702103,0.10138743196426162,0.04560261847415944,0.13742895923904533,1.5246647365877282,2.822876011050078,A,0.5822589455951515,1.7346234139307837,A,0.6269858397702103,0.09480633655915545,True
2026-10-10,2026-10-10 13:30:00,32286,D1,德甲,Hoffenheim,Hamburger SV,2.1179514710461738,1.3606997345570475,0.5483993862582938,0.20847201581569694,0.24312859792600922,0.5713129564933168,0.21136744225109005,0.21731960125559324,0.1462862262302901,0.05160330177809156,0.10907847551112426,2.2594655663259777,1.2938079147069705,H,0.5483993862582938,1.8417234324261156,H,0.5713129564933168,0.1023226678398353,True
2026-10-10,2026-10-10 13:30:00,32279,D1,德甲,Mainz 05,Leverkusen,1.7595059702855198,1.6156643675571343,0.41658216601909126,0.2267800482244124,0.3566377857564962,0.3475457772607719,0.22181269700710293,0.4306415257321252,0.14051982905054047,0.040017848056136285,0.15002441451730592,1.7520250554797774,1.9806049183213503,H,0.41658216601909126,2.424491690682969,A,0.4306415257321252,0.11018736387466088,False
2026-10-10,2026-10-10 13:30:00,32280,D1,德甲,Paderborn,VfB Stuttgart,1.3610784896798918,2.301027954150422,0.21881538649736298,0.1958557644476747,0.5853288490549624,0.39050932277610617,0.2420195477051766,0.36747112951871724,0.14814996444326356,0.044385808472953536,0.1457654048660477,1.6705688746969816,1.6120136839036268,A,0.5853288490549624,1.725525747843604,H,0.39050932277610617,0.11276705926075492,False
2026-10-10,2026-10-10 13:30:00,32762,D1,德甲,Union Berlin,Elversberg,1.7150058096596164,1.5148416847989579,0.42658992780869953,0.2318550270411153,0.34155504515018503,0.4207181267390599,0.2429431397586554,0.33633873350228477,0.14085185780491172,0.04116177570488107,0.13114185345716825,1.7396909260832734,1.5245810007714948,H,0.42658992780869953,2.367613331116729,H,0.4207181267390599,0.10438516232232035,True
2026-10-10,2026-10-10 14:00:00,31231,E0,英超,Aston Villa,Brentford,1.8162787541972198,1.3067160124084631,0.4942138922638371,0.22952946072043984,0.27625664701572317,0.34793570222021863,0.24537136855454772,0.4066929292252336,0.12074150377448223,0.03562664813133865,0.1265603334334661,1.5528530422248765,1.6992986834876693,H,0.4942138922638371,2.0436495529769716,A,0.4066929292252336,0.09430949511309565,False
2026-10-10,2026-10-10 14:00:00,31232,E0,英超,Chelsea,Bournemouth,2.1731024905190286,1.846740964513287,0.4605452977444192,0.2040901157173139,0.3353645865382669,0.4043062367469142,0.23744525660758928,0.35824850664549646,0.12823123316666885,0.034675592506039944,0.12353580694098112,1.771174705148655,1.6530039954616804,H,0.4605452977444192,2.193052463995631,H,0.4043062367469142,0.09548087753789664,True
2026-10-10,2026-10-10 14:00:00,31233,E0,英超,Ipswich,Fulham,1.0860218755357836,1.2309634481804248,0.32359258116195755,0.2815036366981827,0.39490378213985994,0.3201607550891109,0.260040265593237,0.4197989793176522,0.11662363964277932,0.03930828869295097,0.12743714565917258,1.3544688698754788,1.5928248141377779,A,0.39490378213985994,2.5575850262236695,A,0.4197989793176522,0.09445635799830095,True
2026-10-10,2026-10-10 14:00:00,31234,E0,英超,Sunderland,Brighton,1.480069175143767,1.6278918854913718,0.34928890750779545,0.23748223225728912,0.4132288602349154,0.3240773434908771,0.248466303659148,0.4274563528499749,0.11772792683161835,0.037362214207541426,0.12819919330510154,1.454651084082394,1.709660174657756,A,0.4132288602349154,2.4441661684177327,A,0.4274563528499749,0.09442977811475377,True
2026-10-10,2026-10-10 14:15:00,30840,SP1,西甲,Alaves,Ath Madrid,1.3641284162028784,1.13994603195734,0.41941127449164095,0.26772117725645567,0.3128675482519034,0.33669497653840025,0.259402400451095,0.4039026230105048,0.11286456207590637,0.03574485084784026,0.1201389315768828,1.412589403273631,1.5737316991823609,H,0.41941127449164095,2.4081374570204352,A,0.4039026230105048,0.08958278150020982,False
2026-10-10,2026-10-10 15:15:00,31987,F1,法甲,Lille,Le Havre,1.8994453284542578,0.7892247684577373,0.6360363371148668,0.21504764669522902,0.14891601618990422,0.5896373462527928,0.22721127840755298,0.18315137533965428,0.12502450239388277,0.05144010366548705,0.08441038558907987,2.0433124326299925,1.0216771739522574,H,0.6360363371148668,1.5879595882547763,H,0.5896373462527928,0.08695833054948322,True
2026-10-10,2026-10-10 16:00:00,31614,I1,意甲,Inter,Parma Calcio 1913,3.1385642792632353,0.8942544261468219,0.8117108180028847,0.1154030378024714,0.07288614419464397,0.7517079802797034,0.15034278412631444,0.09794923559398212,0.12203126068218287,0.06151329613585038,0.0660844418730209,2.950465292284273,0.9308459103444074,H,0.8117108180028847,1.2442854987259893,H,0.7517079802797034,0.08320966623035138,True
2026-10-10,2026-10-10 16:30:00,32281,D1,德甲,RB Leipzig,Ein Frankfurt,2.800956491985528,1.1936410914700877,0.7084034038103953,0.15514009807953247,0.13645649811007218,0.5862163461877147,0.1921337932019566,0.22164986061032876,0.13884237082823517,0.044492278268314533,0.10576452605206758,2.5631830188172593,1.5098638545102323,H,0.7084034038103953,1.4257413142954452,H,0.5862163461877147,0.09636639171620576,True
2026-10-10,2026-10-10 16:30:00,31235,E0,英超,Man United,Tottenham,2.2281776040399963,1.1507836946242376,0.6172669916553254,0.19630001795111948,0.1864329903935552,0.5558001328370564,0.23333983140986395,0.2108600357530796,0.12716023718403524,0.04789695702642557,0.09188245111227367,1.985872517532106,1.1213687967954244,H,0.6172669916553254,1.63624495340579,H,0.5558001328370564,0.08897988177424483,True
2026-10-10,2026-10-10 16:30:00,30843,SP1,西甲,Barcelona,Getafe,3.4390237704878164,0.5761979326764083,0.8927794299785581,0.07591412628340993,0.03130644373803195,0.7812776950177153,0.1393499653085086,0.0793723396737761,0.10055369784023246,0.05445665220742476,0.04979661774014054,3.0052890315752623,0.8425747253228952,H,0.8927794299785581,1.1312984664356092,H,0.7812776950177153,0.06826898926259926,True
2026-10-10,2026-10-10 18:45:00,31985,F1,法甲,Brest,Angers,2.0132731221502977,1.0917096722378117,0.5868924019883568,0.21268935086237245,0.20041824714927067,0.5631384126791719,0.23042055147288337,0.20644103584794465,0.12849205361517022,0.04891587247843515,0.09195106286906236,2.018595998097255,1.1177311174312925,H,0.5868924019883568,1.7209287368147546,H,0.5631384126791719,0.08978632965422258,True
2026-10-10,2026-10-10 18:45:00,31988,F1,法甲,Lorient,Paris FC,1.2328477705221532,1.6436539591553647,0.28700849427262093,0.24311759007644806,0.4698739156509312,0.3694809271166187,0.2688547960402557,0.3616642768431255,0.11740037053747109,0.03684531698944377,0.11652359125251961,1.4249790813475756,1.4066898065248474,A,0.4698739156509312,2.1495128083473523,H,0.3694809271166187,0.09025642625981149,False
2026-10-10,2026-10-10 18:45:00,31989,F1,法甲,Monaco,Toulouse,1.4691003373515292,1.033931647613797,0.4717450472977643,0.26211630308539735,0.2661386496168383,0.46178175121168075,0.25262460701031886,0.2855936417780005,0.12668511965084767,0.03999726727910464,0.10767797269222744,1.726093619549371,1.2979373107437098,H,0.4717450472977643,2.1409869712155993,H,0.46178175121168075,0.09145345320739325,True
2026-10-10,2026-10-10 18:45:00,31991,F1,法甲,Paris SG,Le Mans,2.352517934821631,0.8042925311317592,0.7193372197422092,0.17021649734916514,0.11044628290862575,0.7230003444101002,0.1636861262871258,0.11331352930277404,0.1262186463227587,0.06088339177683257,0.07174619700304276,2.787308715611069,0.9699561182297771,H,0.7193372197422092,1.4040702639604223,H,0.7230003444101002,0.08628274503421135,True
2026-10-10,2026-10-10 18:45:00,31617,I1,意甲,Napoli,Frosinone,1.6026088119373278,1.0135436397011859,0.5108068956986054,0.2496433520893899,0.23954975221200472,0.6059872454903951,0.21428677194882262,0.1797259825607824,0.13419655297741034,0.05483014488679458,0.090303426165179,2.1988846588815054,1.0769092795045911,H,0.5108068956986054,1.9772638319979468,H,0.6059872454903951,0.09311004134312799,True
2026-10-10,2026-10-10 19:00:00,30848,SP1,西甲,Real Madrid,Villarreal,1.932041075119644,1.514198268204801,0.47577604118934136,0.21999606205876016,0.30422789675189843,0.5306630635713495,0.20119180765970818,0.2681451287689423,0.1373837241084434,0.037950223240365316,0.11407289987207869,2.4181708825867583,1.6735691206177485,H,0.47577604118934136,2.1228475428800695,H,0.5306630635713495,0.09646894907362913,True
2026-10-11,2026-10-11 10:30:00,31612,I1,意甲,Como,Roma,1.8796092836161264,1.3557260126708433,0.4978489858057102,0.22476867265879844,0.2773823415354913,0.39146087545625674,0.23264348605053844,0.37589563849320484,0.13030695090298355,0.03472619425822402,0.1286849364289757,1.7870659360405599,1.746353044698117,H,0.4978489858057102,2.0287276439168265,H,0.39146087545625674,0.09790602719672775,True
2026-10-11,2026-10-11 12:00:00,30842,SP1,西甲,Elche,Celta Vigo,1.4330196440100078,1.6640241370000455,0.33153805024033994,0.23696633806650677,0.4314956116931535,0.37631122534331457,0.261324960819918,0.3623638138367674,0.12818573111469928,0.03976052295480039,0.12561241217833782,1.4912585113392132,1.4560172968600997,A,0.4314956116931535,2.3406958787757834,H,0.37631122534331457,0.09785288874927917,False
2026-10-11,2026-10-11 13:00:00,31236,E0,英超,Crystal Palace,Nott'm Forest,1.7232694848124648,2.33766513498646,0.2851367314487296,0.197166640853882,0.5176966276973883,0.4164892956801155,0.25667886695899295,0.3268318373608915,0.12397496777855004,0.03703228846696622,0.11456101166136104,1.6183367044576118,1.4021653998904688,A,0.5176966276973883,1.9509495445088743,H,0.4164892956801155,0.09185608930229243,False
2026-10-11,2026-10-11 13:00:00,31237,E0,英超,Hull,Everton,1.5926263821518711,1.3920925762354552,0.4229396859333754,0.2423836548824366,0.33467665918418793,0.37917156847911765,0.28225778190310724,0.33857064961777517,0.12548363632584725,0.042827430426073884,0.12057880584071745,1.347359710124629,1.2553595948972995,H,0.4229396859333754,2.38804735897757,H,0.37917156847911765,0.0962966241975462,True
2026-10-11,2026-10-11 13:00:00,31990,F1,法甲,Nice,Strasbourg,1.6168213185846176,1.8988024640075203,0.33237221266835903,0.22014278158585823,0.44748500574578276,0.3746709237681269,0.2500455657184376,0.37528351051343556,0.12220334453503934,0.03541643879622837,0.1226615967441371,1.5844245584606729,1.5866560843003963,A,0.44748500574578276,2.2570588668478946,A,0.37528351051343556,0.0934271266918016,True
2026-10-11,2026-10-11 13:00:00,31615,I1,意甲,Lazio,Monza,1.5860198350200214,1.3919906194953242,0.4213584210323102,0.2427776040687839,0.33586397489890596,0.5081090134491887,0.2512167467207614,0.24067423983004999,0.1307077748020567,0.046886413947400514,0.10117006383646497,1.7809236000197932,1.134707420369338,H,0.4213584210323102,2.397009172204374,H,0.5081090134491887,0.09292141752864073,True
2026-10-11,2026-10-11 13:00:00,31616,I1,意甲,Lecce,Bologna,1.0080681923273354,1.4688635388580342,0.25939053869440754,0.2627440966638326,0.4778653646417598,0.25124782438679866,0.2523635420394173,0.4963886335737841,0.10091307773835144,0.043746598381527634,0.1268367458478809,1.172671326678085,1.76251718277424,A,0.4778653646417598,2.1135660266091145,A,0.4963886335737841,0.09049880732258665,True
2026-10-11,2026-10-11 13:30:00,32284,D1,德甲,FC Koln,Borussia M.Gladbach,2.0913107430380964,1.3574570951673415,0.543526677417126,0.21028209546813723,0.2461912271147369,0.5432485392028088,0.1953598552989199,0.2613916054982713,0.1578412396072307,0.045655243030863435,0.12938788019923744,2.500922161465476,1.6699273490131574,H,0.543526677417126,1.8582344564936268,H,0.5432485392028088,0.11096145427911053,True
2026-10-11,2026-10-11 14:15:00,30849,SP1,西甲,Sociedad,La Coruna,1.7257265043976258,1.1411117500528993,0.5105600673185504,0.23770312020950513,0.251736812471945,0.4384153636007563,0.25318328512093435,0.3084013512783094,0.13344760088492155,0.04119095999670317,0.11859921052831607,1.6820948021134874,1.3633493201125304,H,0.5105600673185504,1.9782197328993951,H,0.4384153636007563,0.0977459238033136,True
2026-10-11,2026-10-11 15:15:00,31992,F1,法甲,Rennes,Auxerre,2.4821301362699093,1.2484874565675692,0.643563667665021,0.1800305052334512,0.17640582710152766,0.5467364910329461,0.22316965724540022,0.2300938517216537,0.13209598769931288,0.04515320872178589,0.10057503738662178,2.109077907511814,1.282747111571214,H,0.643563667665021,1.5693862950102264,H,0.5467364910329461,0.09260807793590685,True
2026-10-11,2026-10-11 15:30:00,32285,D1,德甲,Freiburg,Schalke 04,2.3253791152733556,1.131644409090183,0.6402270126932524,0.18792953885194738,0.17184344845479996,0.5805550465155239,0.2149962799450213,0.20444867353945476,0.1392884187841731,0.051669466242186046,0.10061201910510918,2.2064252635818495,1.2041949145794286,H,0.6402270126932524,1.577565425974793,H,0.5805550465155239,0.09718996804382278,True
2026-10-11,2026-10-11 15:30:00,31238,E0,英超,Liverpool,Man City,1.2875169652414105,1.8053260291510127,0.27357781269059084,0.23047683936715505,0.49594534794225437,0.34055018754801614,0.245992323910174,0.41345748854180975,0.11874127856460481,0.03570655067013776,0.12631114920409756,1.5265603847702907,1.7084505353420036,A,0.49594534794225437,2.036514717177264,A,0.41345748854180975,0.09358632614628004,True
2026-10-11,2026-10-11 16:00:00,31618,I1,意甲,Sassuolo,Milan,1.2701319666770772,1.4139414471290384,0.3376594857038413,0.2582870093405377,0.4040535049556209,0.32086702421548263,0.2407923221301431,0.4383406536543744,0.11869040851571579,0.036775851192221404,0.12990206916896638,1.5072116629263648,1.8026925151230617,A,0.4040535049556209,2.4996689488213524,A,0.4383406536543744,0.09512277629230119,True
2026-10-11,2026-10-11 16:30:00,30841,SP1,西甲,Betis,Osasuna,1.995382079186802,1.0716019242906059,0.5877807814513405,0.21383053414807118,0.1983886844005884,0.49558198623726185,0.24250552600635175,0.2619124877563864,0.12668066063056932,0.04103740912134311,0.1027217231542327,1.8628098181673012,1.2828108046451285,H,0.5877807814513405,1.7183277028999169,H,0.49558198623726185,0.09014659763538173,True
2026-10-11,2026-10-11 18:45:00,31993,F1,法甲,Troyes,Marseille,0.9472318721805648,2.680908266977435,0.10831068121482443,0.15106782251745818,0.7406214962677174,0.25395473141778857,0.2149864809612583,0.5310587876209532,0.11665392469632689,0.045159613872269175,0.14487192557411394,1.451296442317493,2.205635960329533,A,0.7406214962677174,1.363719531622815,A,0.5310587876209532,0.10222848804757001,True
2026-10-11,2026-10-11 18:45:00,31611,I1,意甲,Cagliari,Juventus,0.7447489708682059,1.9969389702535871,0.12993554856833156,0.20244547195582127,0.6676189794758474,0.17729673588083064,0.23697351006817752,0.5857297540509919,0.08022737781099233,0.05223337010442068,0.1215591585415127,0.9378644403543324,1.9301752196084134,A,0.6676189794758474,1.512838956125781,A,0.5857297540509919,0.08467330215230857,True
2026-10-11,2026-10-11 19:00:00,30846,SP1,西甲,Racing Santander,Valencia,1.51743808983275,1.13355797575367,0.4609629573942156,0.2553235473319322,0.2837134952738523,0.41201167072159667,0.25815757460845234,0.32983075466995104,0.13055398585360548,0.04003786543274776,0.12170707598105601,1.5914258293376107,1.3934982575162,H,0.4609629573942156,2.191065429008535,H,0.41201167072159667,0.09743297575580308,True
2026-10-12,2026-10-12 16:30:00,31610,I1,意甲,Atalanta,Venezia,2.0212158637603412,0.9936666970982173,0.6116816254449652,0.2095747110360517,0.17874366351898302,0.582335674827198,0.20658777312624954,0.2110765520465525,0.13801847598420536,0.04849886939651737,0.10176189957245373,2.328021902180344,1.310605245927598,H,0.6116816254449652,1.6511857770213054,H,0.582335674827198,0.09609308165105883,True
2026-10-12,2026-10-12 18:45:00,31619,I1,意甲,Torino,Udinese,1.7993197311260973,1.623253288023576,0.4240702587274889,0.22474250126291642,0.35118724000959434,0.43251168074930335,0.25682832375103976,0.31065999549965684,0.12605944075705142,0.0385970618607303,0.11247816325053597,1.6449802909865074,1.3505174035738572,H,0.4240702587274889,2.381680816359806,H,0.43251168074930335,0.0923782219561059,True
2026-10-12,2026-10-12 19:00:00,31239,E0,英超,Coventry,Newcastle,1.5016384955697402,1.0484894576905488,0.47676091657356723,0.25872654076632645,0.2645125426601065,0.37492658651070626,0.267622443413321,0.3574509700759728,0.12937190541678575,0.04166155051132125,0.12657535523619687,1.438570783016911,1.3959961568400776,H,0.47676091657356723,2.1184622415334893,H,0.37492658651070626,0.09920293705476796,True
2026-10-12,2026-10-12 19:00:00,30844,SP1,西甲,Levante,Sevilla,1.8727878374620774,0.8500252860806073,0.6149128446486162,0.22002246917418333,0.16506468617720033,0.48091913370884,0.25202673423618527,0.26705413205497475,0.1239419404226287,0.040612995368812195,0.10168286783150148,1.7544787975560978,1.2378341496579877,H,0.6149128446486162,1.6425091926273734,H,0.48091913370884,0.08874593454098079,True
