date,kickoff_gmt2,home_team,away_team,home_score,away_score,status,observation_outcome,source,observed_at_gmt2
2026-09-26,15:00,Slovenia,Scotland,0,0,FT,Slovenia后续方向减弱,https://www.bbc.com/sport/football/live/cqrk3pgxemrjt,2026-09-27 22:24
2026-09-26,18:00,San Marino,Finland,0,7,FT,,https://www.bbc.com/sport/football/live/c617j245eg7gt,2026-09-27 22:24
2026-09-26,18:00,Faroe Islands,Kazakhstan,1,1,FT,,https://www.bbc.com/sport/football/live/cwn74p0xgln6t,2026-09-27 22:24
2026-09-26,18:00,Bulgaria,Luxembourg,1,2,FT,,https://www.bbc.com/sport/football/live/cmr4vpgn6097t,2026-09-27 22:24
2026-09-26,18:00,Iceland,Estonia,1,1,FT,,https://www.bbc.com/sport/football/live/cmqjkp54vljgt,2026-09-27 22:24
2026-09-26,20:45,North Macedonia,Switzerland,0,3,FT,Switzerland后续客胜方向增强,https://www.bbc.com/sport/football/live/c85ydr16e3vrt,2026-09-27 22:24
2026-09-26,20:45,Albania,Belarus,2,0,FT,,https://www.bbc.com/sport/football/live/cm5yw814dplpt,2026-09-27 22:24
2026-09-26,20:45,Czechia,Croatia,1,2,FT,Croatia客胜观察命中；未下注,https://www.bbc.com/sport/football/live/cqzrz25vlg65t,2026-09-27 22:24
2026-09-26,20:45,England,Spain,2,3,FT,,https://www.bbc.com/sport/football/live/c9j3dpkxe5vdt,2026-09-27 22:24
2026-09-26,20:45,Slovakia,Moldova,2,0,FT,,https://www.bbc.com/sport/football/live/cqr7dpg8erxnt,2026-09-27 22:24
2026-09-27,15:00,Lithuania,Azerbaijan,1,1,FT,,https://www.bbc.com/sport/football/live/c5vgylkejrj7t,2026-09-27 22:24
2026-09-27,18:00,Serbia,Netherlands,1,2,FT,,https://www.bbc.com/sport/football/live/ckm2qde93e16t,2026-09-27 22:24
2026-09-27,18:00,Denmark,Wales,2,0,FT,,https://www.bbc.com/sport/football/live/cmx2z3y68erjt,2026-09-27 22:24
2026-09-27,18:00,Austria,Kosovo,3,1,FT,Austria主胜观察命中；未下注,https://www.bbc.com/sport/football/live/c68xk217zr0rt,2026-09-27 22:24
2026-09-27,18:00,Gibraltar,Andorra,0,0,FT,,https://www.bbc.com/sport/football/live/cwm2qde93yngt,2026-09-27 22:24
2026-09-27,20:45,Germany,Greece,0,1,FT,已终场,https://www.uefa.com/uefanationsleague/match/2047976--germany-vs-greece/,2026-09-28 00:26
2026-09-27,20:45,Israel,Republic of Ireland,0,3,FT,已终场,https://www.uefa.com/uefanationsleague/match/2047982--israel-vs-republic-of-ireland/,2026-09-28 00:26
2026-09-27,20:45,Norway,Portugal,1,2,FT,已终场,https://www.uefa.com/uefanationsleague/match/2047978--norway-vs-portugal/,2026-09-28 00:26
