rank,kickoff_gmt2,league,home_team,away_team,selection_cn,odds,best_uk_odds,p_b,p_bayes_same,p_mkt_fair,ev_b,ev_bayes,edge_vs_market_pp,model_gap_pp,min_odds_ev1pct,raw_kelly,model_direction_agreement,home_spread_line,home_spread_dec,gates_passed,required_score,score_available,formal_approved,formal_stake_cny,status,reason,injury_note,odds_url
1,2026-10-10 18:30,英超,Man United,Tottenham,主胜,1.7142857142857144,1.7272727272727273,0.6172669916553254,0.5558001328370564,0.5505617977528089,0.0581719856948435,-0.04719977227933181,6.67051939025165,6.146685881826897,1.63624495340579,0.08144077997278089,True,-0.5,1.6451612903225803,5,88,False,False,0.0,条件观察，未批准,价格与模型门槛通过，但可复现总分（英超88/其他84）与正式首发未通过,曼联多人伤疑：Sesko胫骨伤复发、Rashford髋伤、Dorgu腿筋、Mazraoui受伤、Ugarte长期缺阵；热刺Van Hecke、Van de Ven带伤,https://www.espn.com/soccer/match/_/gameId/401878773
2,2026-10-10 18:30,德甲,RB Leipzig,Ein Frankfurt,主胜,1.526315789473684,1.5714285714285714,0.7084034038103953,0.5862163461877147,0.5984479610468655,0.08124730055270857,-0.10524873476611973,10.995544276352987,12.218705762268067,1.4257413142954452,0.15436987105014632,True,-1.5,2.2,4,84,False,False,0.0,条件观察，未批准,DraftKings 1.526高于核心1.50上限；仅在可成交价恰为1.50时进入核心区（B EV +6.26%），但贝叶斯EV -12.07%、模型差12.2pp、总分不可复现,莱比锡缺Gruda、Guiu、Ouédraogo、Reitz、Baumgartner；法兰克福缺Maluze、Ngankam，Chaïbi存疑,https://www.espn.com/soccer/match/_/gameId/401884780
3,2026-10-11 18:30,西甲,Betis,Osasuna,主胜,1.606060606060606,,0.5877807814513405,0.4955819862372618,0.5869896662713875,-0.055988441911483555,-0.2040652948310644,0.07911151799530058,9.21987952140787,1.7183277028999169,0.0,True,-0.5,1.5555555555555556,3,84,False,False,0.0,拒绝,B版EV低于1%,,https://www.espn.com/soccer/match/_/gameId/401882855
4,2026-10-11 16:15,西甲,Sociedad,La Coruna,主胜,1.6666666666666663,,0.5105600673185504,0.4384153636007563,0.5657751899733544,-0.1490665544690828,-0.269307727332073,-5.5215122654804,7.214470371779413,1.9782197328993951,0.0,True,-0.5,1.606060606060606,3,84,False,False,0.0,拒绝,B版EV低于1%,,https://www.espn.com/soccer/match/_/gameId/401882847
5,2026-10-10 16:00,英超,Chelsea,Bournemouth,主胜,1.6896551724137931,,0.4605452977444192,0.4043062367469142,0.556754570802205,-0.22183725553529166,-0.3168618758414209,-9.620927305778581,5.623906099750503,2.193052463995631,0.0,True,-0.5,1.625,3,88,False,False,0.0,拒绝,B版EV低于1%,,https://www.espn.com/soccer/match/_/gameId/401878775
6,2026-10-10 16:15,西甲,Alaves,Ath Madrid,主胜,4.1,,0.4194112744916409,0.3366949765384002,0.2309630459126539,0.7195862254157275,0.38044940380744063,18.8448228578987,8.27162979532407,2.4081374570204357,0.2321245888437831,False,0.5,1.9090909090909087,2,84,False,False,0.0,拒绝,高于锁定扩展2.00上限,,https://www.espn.com/soccer/match/_/gameId/401882856
7,2026-10-09 20:45,法甲,Lens,Lyon,主胜,2.4,,0.6894349227583141,0.5362961943547333,0.3980470993681793,0.6546438146199538,0.28711086645135997,29.13878233901348,15.313872840358078,1.4649678550647804,0.4676027247285385,True,-0.5,2.3,2,84,False,False,0.0,拒绝,非英超/西甲且赔率高于核心1.50上限,,https://www.espn.com/soccer/match/_/gameId/401876447
8,2026-10-12 21:00,西甲,Levante,Sevilla,主胜,2.65,,0.6149128446486162,0.48091913370884,0.3551912568306011,0.6295190383188327,0.274435704328426,25.972158781801507,13.399371093977619,1.6425091926273734,0.38152668989020166,True,-0.5,2.45,2,84,False,False,0.0,拒绝,高于锁定扩展2.00上限,,https://www.espn.com/soccer/match/_/gameId/401882852
9,2026-10-12 21:00,英超,Coventry,Newcastle,主胜,3.3,,0.4767609165735672,0.3749265865107062,0.285632183908046,0.5733110246927715,0.23725773548533047,19.112873266552118,10.183433006286096,2.1184622415334893,0.24926566290990068,True,0.5,1.6896551724137931,2,88,False,False,0.0,拒绝,高于锁定扩展2.00上限,,https://www.espn.com/soccer/match/_/gameId/401879267
10,2026-10-11 15:00,英超,Hull,Everton,主胜,3.65,,0.4229396859333754,0.3791715684791176,0.2583952591477754,0.54372985365682,0.38397622494877925,16.45444267856,4.37681174542578,2.38804735897757,0.2051810768516302,True,0.5,1.7142857142857144,2,88,False,False,0.0,拒绝,高于锁定扩展2.00上限,,https://www.espn.com/soccer/match/_/gameId/401878774
11,2026-10-10 14:00,西甲,Vallecano,Athletic Club,主胜,2.85,,0.5209185333728336,0.3798077969102415,0.3317837291561394,0.4846178201125757,0.08245222119418827,18.913480421669416,14.111073646259204,1.9388828296441498,0.2619555784392301,True,0.5,1.526315789473684,2,84,False,False,0.0,拒绝,高于锁定扩展2.00上限,,https://www.espn.com/soccer/match/_/gameId/401882849
12,2026-10-10 15:00,意甲,Genoa,Fiorentina,主胜,3.05,,0.4630212033420385,0.3902220652387234,0.2994470438111442,0.41221467019321745,0.1901772989781063,16.357415953089433,7.279913810331512,2.181325590944704,0.20108032692352074,True,0.5,1.5882352941176472,2,84,False,False,0.0,拒绝,非英超/西甲且赔率高于核心1.50上限,,https://www.espn.com/soccer/match/_/gameId/401874947
13,2026-10-10 16:00,英超,Aston Villa,Brentford,主胜,2.7,,0.4942138922638371,0.3479357022202186,0.3507014028056112,0.3343775091123602,-0.06057360400540979,14.351248945822592,14.627819004361854,2.0436495529769716,0.19669265241903539,False,0.5,1.4878048780487805,2,88,False,False,0.0,拒绝,高于锁定扩展2.00上限,,https://www.espn.com/soccer/match/_/gameId/401878776
14,2026-10-11 12:30,意甲,Como,Roma,主胜,2.45,,0.4978489858057102,0.3914608754562567,0.3729433272394881,0.21973001522399005,-0.04092085513217103,12.49056585662221,10.63881103494535,2.0287276439168265,0.15153794153378622,True,-0.5,2.35,2,84,False,False,0.0,拒绝,非英超/西甲且赔率高于核心1.50上限,,https://www.espn.com/soccer/match/_/gameId/401874940
15,2026-10-10 15:30,德甲,Mainz 05,Leverkusen,主胜,2.8,,0.4165821660190912,0.3475457772607719,0.3268954181220465,0.16643006485345535,-0.026871823669838757,8.968674789704473,6.9036388758319305,2.4244916906829697,0.09246114714080854,False,0.5,1.6451612903225803,2,84,False,False,0.0,拒绝,非英超/西甲且赔率高于核心1.50上限,,https://www.espn.com/soccer/match/_/gameId/401884776
16,2026-10-10 20:45,法甲,Brest,Angers,主胜,1.9523809523809523,,0.5868924019883568,0.5631384126791719,0.4830921211702533,0.14583754673917282,0.0994607104688594,10.38002808181035,2.375398930918493,1.7209287368147546,0.15312942407613148,True,-0.5,1.869565217391304,2,84,False,False,0.0,拒绝,非英超/西甲且赔率高于核心1.50上限,,https://www.espn.com/soccer/match/_/gameId/401876448
17,2026-10-11 15:30,德甲,FC Koln,Borussia M.Gladbach,主胜,1.9523809523809523,,0.543526677417126,0.5432485392028088,0.4679649355377764,0.061171132100103165,0.060628100348340874,7.55617418793496,0.027813821431721397,1.8582344564936268,0.06422968870510833,True,-0.5,1.9090909090909087,2,84,False,False,0.0,拒绝,非英超/西甲且赔率高于核心1.50上限,,https://www.espn.com/soccer/match/_/gameId/401884774
18,2026-10-11 17:30,德甲,Freiburg,Schalke 04,主胜,1.625,,0.6402270126932524,0.5805550465155239,0.5661958714884372,0.04036889562653512,-0.05659804941227364,7.403114120481524,5.967196617772852,1.577565425974793,0.06459023300245618,True,-0.5,1.5882352941176472,2,84,False,False,0.0,拒绝,非英超/西甲且赔率高于核心1.50上限,,https://www.espn.com/soccer/match/_/gameId/401884778
19,2026-10-11 21:00,西甲,Racing Santander,Valencia,主胜,2.25,,0.4609629573942156,0.4120116707215966,0.4194977843426883,0.037166654136985056,-0.07297374087640762,4.146517305152731,4.8951286672619,2.191065429008535,0.029733323309588045,True,-0.5,2.15,2,84,False,False,0.0,拒绝,高于锁定扩展2.00上限,,https://www.espn.com/soccer/match/_/gameId/401882850
20,2026-10-12 20:45,意甲,Torino,Udinese,主胜,2.25,,0.4240702587274889,0.4325116807493033,0.4059246538585382,-0.04584191786315006,-0.026848718314067543,1.814560486895067,0.8441422021814415,2.381680816359806,0.0,True,-0.5,2.2,2,84,False,False,0.0,拒绝,非英超/西甲且赔率高于核心1.50上限,,https://www.espn.com/soccer/match/_/gameId/401874763
21,2026-10-12 18:30,意甲,Atalanta,Venezia,主胜,1.5405405405405406,,0.6116816254449652,0.582335674827198,0.5940194512991726,-0.05767965809829689,-0.10288828472566802,1.766217414579263,2.9345950617767236,1.6511857770213054,0.0,True,-1.5,2.35,2,84,False,False,0.0,拒绝,非英超/西甲且赔率高于核心1.50上限,,https://www.espn.com/soccer/match/_/gameId/401875005
22,2026-10-10 15:30,德甲,Union Berlin,Elversberg,主胜,2.2,,0.4265899278086995,0.4207181267390599,0.4176072234762979,-0.061502158820861075,-0.07442012117406815,0.8982704332401559,0.5871801069639582,2.367613331116729,0.0,True,-0.5,2.15,2,84,False,False,0.0,拒绝,非英超/西甲且赔率高于核心1.50上限,,https://www.espn.com/soccer/match/_/gameId/401884775
23,2026-10-10 20:45,法甲,Monaco,Toulouse,主胜,1.5882352941176472,,0.4717450472977643,0.4617817512116807,0.5927667855984431,-0.250757866056492,-0.26658192454615415,-12.10217383006788,0.9963296086083595,2.1409869712155993,0.0,True,-0.5,1.526315789473684,2,84,False,False,0.0,拒绝,非英超/西甲且赔率高于核心1.50上限,,https://www.espn.com/soccer/match/_/gameId/401876444
24,2026-10-11 15:00,意甲,Lazio,Monza,主胜,1.5405405405405406,,0.4213584210323102,0.5081090134491887,0.596976193162586,-0.3508802703015762,-0.21723746576746605,-17.56177721302758,8.67505924168785,2.397009172204374,0.0,True,-0.5,1.5128205128205128,2,84,False,False,0.0,拒绝,非英超/西甲且赔率高于核心1.50上限,,https://www.espn.com/soccer/match/_/gameId/401874951
25,2026-10-09 20:30,德甲,Dortmund,Werder Bremen,主胜,1.3773584905660377,,0.7255395853682334,0.6528765243215008,0.6723263075722093,-0.0006718918513012317,-0.10075497593453675,5.321327779602402,7.266306104673259,1.39206739421033,0.0,True,-1.5,1.9090909090909087,1,84,False,False,0.0,拒绝,低于用户1.50最低赔率,,https://www.espn.com/soccer/match/_/gameId/401884781
26,2026-10-10 18:30,西甲,Barcelona,Getafe,主胜,1.0625,,0.8927794299785581,0.7812776950177153,0.8917197452229298,-0.05142185564778201,-0.1698924490436775,0.10596847556282318,11.150173496084282,1.1312984664356092,0.0,True,-2.5,1.5882352941176472,1,84,False,False,0.0,拒绝,低于用户1.50最低赔率,,https://www.espn.com/soccer/match/_/gameId/401882853
27,2026-10-11 17:15,法甲,Rennes,Auxerre,主胜,1.4444444444444444,,0.643563667665021,0.5467364910329461,0.6512429239478218,-0.07040803559496966,-0.21026951295241125,-0.767925628280075,9.682717663207496,1.5693862950102264,0.0,True,-1.5,2.05,1,84,False,False,0.0,拒绝,低于用户1.50最低赔率,,https://www.espn.com/soccer/match/_/gameId/401876441
28,2026-10-10 13:30,英超,Arsenal,Leeds,主胜,1.3636363636363638,,0.6720482463695877,0.5784913593710023,0.6929133858267716,-0.08357057313238037,-0.21114814631226952,-2.0865139457183934,9.355688699858543,1.5028682917573724,0.0,True,-1.5,2.0,1,88,False,False,0.0,拒绝,低于用户1.50最低赔率,,https://www.espn.com/soccer/match/_/gameId/401879268
29,2026-10-10 18:00,意甲,Inter,Parma Calcio 1913,主胜,1.125,,0.8117108180028847,0.7517079802797034,0.8148873653281097,-0.08682532974675472,-0.15432852218533366,-0.31765473252249876,6.000283772318127,1.2442854987259893,0.0,True,-2.5,2.0,1,84,False,False,0.0,拒绝,低于用户1.50最低赔率,,https://www.espn.com/soccer/match/_/gameId/401875021
30,2026-10-10 17:15,法甲,Lille,Le Havre,主胜,1.434782608695652,,0.6360363371148668,0.5896373462527928,0.6580467675378266,-0.08742612500910418,-0.15399859015903639,-2.2010430422959804,4.6398990862074,1.5879595882547763,0.0,True,-1.5,2.05,1,84,False,False,0.0,拒绝,低于用户1.50最低赔率,,https://www.espn.com/soccer/match/_/gameId/401876446
31,2026-10-10 20:45,法甲,Paris SG,Le Mans,主胜,1.0714285714285714,,0.7193372197422092,0.7230003444101002,0.8769574944071589,-0.22928155027620445,-0.22535677384632125,-15.762027466494965,0.36631246678909823,1.4040702639604223,0.0,True,-2.5,1.606060606060606,1,84,False,False,0.0,拒绝,低于用户1.50最低赔率,,https://www.espn.com/soccer/match/_/gameId/401876442
32,2026-10-10 20:45,意甲,Napoli,Frosinone,主胜,1.425531914893617,,0.5108068956986054,0.6059872454903951,0.6419239904988124,-0.271828467833903,-0.13614584153496878,-13.111709480020705,9.51803497917897,1.9772638319979468,0.0,True,-1.5,2.05,1,84,False,False,0.0,拒绝,低于用户1.50最低赔率,,https://www.espn.com/soccer/match/_/gameId/401874754
33,2026-10-10 21:00,西甲,Real Madrid,Villarreal,主胜,1.3448275862068966,,0.4757760411893413,0.5306630635713495,0.7012616401321718,-0.3601632549522651,-0.28634967312818516,-22.548559894283056,5.488702238200821,2.1228475428800695,0.0,True,-1.5,1.8,1,84,False,False,0.0,拒绝,低于用户1.50最低赔率,,https://www.espn.com/soccer/match/_/gameId/401882848
34,2026-10-11 20:45,法甲,Troyes,Marseille,客胜,1.869565217391304,,0.7406214962677174,0.5310587876209532,0.5072623370438717,0.38464018867442795,-0.007150962273870354,23.335915922384576,20.95627086467643,1.363719531622815,0.44233621697559233,True,0.5,1.869565217391304,0,84,False,False,0.0,拒绝,B版方向为客胜；客胜/平局无正式授权,,https://www.espn.com/soccer/match/_/gameId/401876440
35,2026-10-11 15:00,英超,Crystal Palace,Nott'm Forest,客胜,2.65,,0.5176966276973883,0.3268318373608915,0.355836993156981,0.371896063398079,-0.13389563099363755,16.185963454040735,19.086479033649685,1.9509495445088743,0.22539155357459334,False,-0.5,2.45,0,88,False,False,0.0,拒绝,B版方向为客胜；客胜/平局无正式授权,,https://www.espn.com/soccer/match/_/gameId/401879266
36,2026-10-11 15:00,法甲,Nice,Strasbourg,客胜,2.9,,0.4474850057457827,0.3752835105134355,0.3249104655789893,0.2977065166627697,0.0883221804889629,12.257454016679342,7.220149523234721,2.257058866847895,0.15668764034882618,True,-0.5,2.15,0,84,False,False,0.0,拒绝,B版方向为客胜；客胜/平局无正式授权,,https://www.espn.com/soccer/match/_/gameId/401876443
37,2026-10-11 17:30,英超,Liverpool,Man City,客胜,2.5,,0.4959453479422543,0.4134574885418097,0.3764964086193136,0.23986336985563583,0.0336437213545242,11.94489393229407,8.248785940044462,2.036514717177264,0.15990891323709056,True,0.5,1.5,0,88,False,False,0.0,拒绝,B版方向为客胜；客胜/平局无正式授权,,https://www.espn.com/soccer/match/_/gameId/401879264
38,2026-10-09 21:00,西甲,Malaga,Espanyol,客胜,2.65,,0.4654707363391723,0.405884953924062,0.3565181603045581,0.2334974512988066,0.07559512789876432,10.895257603461422,5.958578241511031,2.1698463966680994,0.1415136068477616,True,0.5,1.4545454545454546,0,84,False,False,0.0,拒绝,B版方向为客胜；客胜/平局无正式授权,,https://www.espn.com/soccer/match/_/gameId/401882851
39,2026-10-11 14:00,西甲,Elche,Celta Vigo,客胜,2.6,,0.4314956116931535,0.3623638138367674,0.3619302949061662,0.12188859040219913,-0.05785408402440473,6.956531678698729,6.913179785638607,2.3406958787757834,0.07618036900137445,False,0.5,1.4651162790697674,0,84,False,False,0.0,拒绝,B版方向为客胜；客胜/平局无正式授权,,https://www.espn.com/soccer/match/_/gameId/401882854
40,2026-10-10 20:45,法甲,Lorient,Paris FC,客胜,2.25,,0.4698739156509312,0.3616642768431255,0.4173441734417344,0.057216310214595056,-0.18625537710296758,5.252974220919676,10.820963880780566,2.1495128083473523,0.045773048171676045,False,0.5,1.606060606060606,0,84,False,False,0.0,拒绝,B版方向为客胜；客胜/平局无正式授权,,https://www.espn.com/soccer/match/_/gameId/401876445
41,2026-10-11 20:45,意甲,Cagliari,Juventus,客胜,1.5128205128205128,,0.6676189794758474,0.5857297540509919,0.6038502898208619,0.009987686899358694,-0.11389601310234554,6.37686896549855,8.188922542485544,1.512838956125781,0.019475989453749454,True,0.5,2.35,0,84,False,False,0.0,拒绝,B版方向为客胜；客胜/平局无正式授权,,https://www.espn.com/soccer/match/_/gameId/401874764
42,2026-10-10 16:00,英超,Sunderland,Brighton,客胜,2.35,,0.4132288602349154,0.4274563528499749,0.4029376736800317,-0.0289121784479488,0.004522429197441058,1.0291186554883702,1.4227492615059512,2.4441661684177327,0.0,True,0.5,1.5714285714285714,0,88,False,False,0.0,拒绝,B版方向为客胜；客胜/平局无正式授权,,https://www.espn.com/soccer/match/_/gameId/401878772
43,2026-10-10 16:00,英超,Ipswich,Fulham,客胜,2.45,,0.3949037821398599,0.4197989793176522,0.3835227272727272,-0.032485733757343205,0.02850749932824792,1.13810548671327,2.4895197177792316,2.55758502622367,0.0,True,0.5,1.5128205128205128,0,88,False,False,0.0,拒绝,B版方向为客胜；客胜/平局无正式授权,,https://www.espn.com/soccer/match/_/gameId/401879265
44,2026-10-11 15:00,意甲,Lecce,Bologna,客胜,1.9090909090909087,,0.4778653646417598,0.4963886335737841,0.4777583187390543,-0.0877115765930041,-0.05234897226823054,0.010704590270554926,1.8523268932024273,2.1135660266091145,0.0,True,0.5,1.8,0,84,False,False,0.0,拒绝,B版方向为客胜；客胜/平局无正式授权,,https://www.espn.com/soccer/match/_/gameId/401874776
45,2026-10-10 15:30,德甲,Paderborn,VfB Stuttgart,客胜,1.5405405405405406,,0.5853288490549624,0.3674711295187172,0.5962167211583372,-0.09827717848289574,-0.43389582749819244,-1.088787210337483,21.785771953624522,1.725525747843604,0.0,False,1.5,1.526315789473684,0,84,False,False,0.0,拒绝,B版方向为客胜；客胜/平局无正式授权,,https://www.espn.com/soccer/match/_/gameId/401884773
46,2026-10-11 18:00,意甲,Sassuolo,Milan,客胜,1.7692307692307692,,0.4040535049556209,0.4383406536543744,0.5171270718232044,-0.2851361066169784,-0.224474228149953,-11.307356686758347,3.428714869875349,2.4996689488213524,0.0,True,0.5,2.0,0,84,False,False,0.0,拒绝,B版方向为客胜；客胜/平局无正式授权,,https://www.espn.com/soccer/match/_/gameId/401874789
47,2026-10-10 15:30,德甲,Augsburg,Bayern Munich,客胜,1.1904761904761905,,0.5822589455951515,0.6269858397702103,0.7699496764917326,-0.3068345885772007,-0.2535882859878449,-18.769073089658118,4.472689417505881,1.7346234139307837,0.0,True,2.5,1.6896551724137931,0,84,False,False,0.0,拒绝,B版方向为客胜；客胜/平局无正式授权,,https://www.espn.com/soccer/match/_/gameId/401884777
48,2026-10-10 15:30,德甲,Hoffenheim,Hamburger SV,主胜,,,0.5483993862582938,0.5713129564933168,,,,,2.291357023502305,1.8417234324261156,,True,,,0,84,False,False,0.0,无报价,ESPN/DraftKings尚未开盘,,https://www.espn.com/soccer/match/_/gameId/401884779
