date,kickoff_gmt2,league,group,home_team,away_team,espn_time_et,espn_game_id,quoted_selection_code,american_odds,decimal_odds,full_1x2_visible_on_schedule,schedule_source,odds_source,observed_at
2026-09-29,18:00,C,C1,Finland,Belarus,12:00 PM,401861089,,,,False,https://www.espn.com/soccer/schedule/_/league/uefa.nations,,2026-09-29 11:03 GMT+2
2026-09-29,18:00,C,C3,Moldova,Faroe Islands,12:00 PM,401861090,FRO,165.0,2.65,False,https://www.espn.com/soccer/schedule/_/league/uefa.nations,https://www.espn.com/soccer/schedule/_/league/uefa.nations,2026-09-29 11:03 GMT+2
2026-09-29,20:45,C,C4,Bulgaria,Estonia,2:45 PM,401861083,BUL,-135.0,1.740741,False,https://www.espn.com/soccer/schedule/_/league/uefa.nations,https://www.espn.com/soccer/schedule/_/league/uefa.nations,2026-09-29 11:03 GMT+2
2026-09-29,20:45,A,A3,Czechia,England,2:45 PM,401861092,ENG,-320.0,1.3125,False,https://www.espn.com/soccer/schedule/_/league/uefa.nations,https://www.espn.com/soccer/schedule/_/league/uefa.nations,2026-09-29 11:03 GMT+2
2026-09-29,20:45,C,C4,Luxembourg,Iceland,2:45 PM,401861086,ISL,115.0,2.15,False,https://www.espn.com/soccer/schedule/_/league/uefa.nations,https://www.espn.com/soccer/schedule/_/league/uefa.nations,2026-09-29 11:03 GMT+2
2026-09-29,20:45,C,C1,San Marino,Albania,2:45 PM,401861088,ALB,-3000.0,1.033333,False,https://www.espn.com/soccer/schedule/_/league/uefa.nations,https://www.espn.com/soccer/schedule/_/league/uefa.nations,2026-09-29 11:03 GMT+2
2026-09-29,20:45,B,B1,Scotland,Switzerland,2:45 PM,401861091,SUI,-120.0,1.833333,False,https://www.espn.com/soccer/schedule/_/league/uefa.nations,https://www.espn.com/soccer/schedule/_/league/uefa.nations,2026-09-29 11:03 GMT+2
2026-09-29,20:45,B,B1,Slovenia,North Macedonia,2:45 PM,401861087,SVN,-165.0,1.606061,False,https://www.espn.com/soccer/schedule/_/league/uefa.nations,https://www.espn.com/soccer/schedule/_/league/uefa.nations,2026-09-29 11:03 GMT+2
2026-10-01,18:00,D,D2,Azerbaijan,Liechtenstein,12:00 PM,401861093,AZE,-700.0,1.142857,False,https://www.uefa.com/uefanationsleague/news/02a2-1fea18abbcbc-456e846509e7-1000--2026-27-uefa-nations-league-all-the-league-phase-fixtures/,https://www.espn.com/soccer/schedule/_/league/uefa.nations,2026-09-29 11:03 GMT+2
2026-10-01,20:45,A,A4,Denmark,Portugal,2:45 PM,401861096,POR,100.0,2.0,False,https://www.uefa.com/uefanationsleague/news/02a2-1fea18abbcbc-456e846509e7-1000--2026-27-uefa-nations-league-all-the-league-phase-fixtures/,https://www.espn.com/soccer/schedule/_/league/uefa.nations,2026-09-29 11:03 GMT+2
2026-10-01,20:45,A,A2,Germany,Serbia,2:45 PM,401861097,GER,-400.0,1.25,False,https://www.uefa.com/uefanationsleague/news/02a2-1fea18abbcbc-456e846509e7-1000--2026-27-uefa-nations-league-all-the-league-phase-fixtures/,https://www.espn.com/soccer/schedule/_/league/uefa.nations,2026-09-29 11:03 GMT+2
2026-10-01,20:45,A,A2,Greece,Netherlands,2:45 PM,401861098,NED,115.0,2.15,False,https://www.uefa.com/uefanationsleague/news/02a2-1fea18abbcbc-456e846509e7-1000--2026-27-uefa-nations-league-all-the-league-phase-fixtures/,https://www.espn.com/soccer/schedule/_/league/uefa.nations,2026-09-29 11:03 GMT+2
2026-10-01,20:45,B,B3,Israel,Kosovo,2:45 PM,401861095,KOS,125.0,2.25,False,https://www.uefa.com/uefanationsleague/news/02a2-1fea18abbcbc-456e846509e7-1000--2026-27-uefa-nations-league-all-the-league-phase-fixtures/,https://www.espn.com/soccer/schedule/_/league/uefa.nations,2026-09-29 11:03 GMT+2
2026-10-01,20:45,D,D1,Malta,Gibraltar,2:45 PM,401861099,MLT,-390.0,1.25641,False,https://www.uefa.com/uefanationsleague/news/02a2-1fea18abbcbc-456e846509e7-1000--2026-27-uefa-nations-league-all-the-league-phase-fixtures/,https://www.espn.com/soccer/schedule/_/league/uefa.nations,2026-09-29 11:03 GMT+2
2026-10-01,20:45,B,B3,Republic of Ireland,Austria,2:45 PM,401861094,AUT,110.0,2.1,False,https://www.uefa.com/uefanationsleague/news/02a2-1fea18abbcbc-456e846509e7-1000--2026-27-uefa-nations-league-all-the-league-phase-fixtures/,https://www.espn.com/soccer/schedule/_/league/uefa.nations,2026-09-29 11:03 GMT+2
2026-10-01,20:45,A,A4,Wales,Norway,2:45 PM,401861100,NOR,-200.0,1.5,False,https://www.uefa.com/uefanationsleague/news/02a2-1fea18abbcbc-456e846509e7-1000--2026-27-uefa-nations-league-all-the-league-phase-fixtures/,https://www.espn.com/soccer/schedule/_/league/uefa.nations,2026-09-29 11:03 GMT+2
2026-10-02,16:00,C,C3,Kazakhstan,Moldova,10:00 AM,401861101,,,,False,https://www.uefa.com/uefanationsleague/news/02a2-1fea18abbcbc-456e846509e7-1000--2026-27-uefa-nations-league-all-the-league-phase-fixtures/,,2026-09-29 11:03 GMT+2
2026-10-02,18:00,C,C2,Cyprus,Armenia,12:00 PM,401861104,CYP,130.0,2.3,False,https://www.uefa.com/uefanationsleague/news/02a2-1fea18abbcbc-456e846509e7-1000--2026-27-uefa-nations-league-all-the-league-phase-fixtures/,https://www.espn.com/soccer/schedule/_/league/uefa.nations,2026-09-29 11:03 GMT+2
2026-10-02,18:00,C,C3,Faroe Islands,Slovakia,2:45 PM,401861110,,,,False,https://www.uefa.com/uefanationsleague/news/02a2-1fea18abbcbc-456e846509e7-1000--2026-27-uefa-nations-league-all-the-league-phase-fixtures/,,2026-09-29 11:03 GMT+2
2026-10-02,18:00,C,C2,Latvia,Montenegro,12:00 PM,401861105,MNE,-125.0,1.8,False,https://www.uefa.com/uefanationsleague/news/02a2-1fea18abbcbc-456e846509e7-1000--2026-27-uefa-nations-league-all-the-league-phase-fixtures/,https://www.espn.com/soccer/schedule/_/league/uefa.nations,2026-09-29 11:03 GMT+2
2026-10-02,20:45,A,A1,Belgium,Türkiye,2:45 PM,401861109,,,,False,https://www.uefa.com/uefanationsleague/news/02a2-1fea18abbcbc-456e846509e7-1000--2026-27-uefa-nations-league-all-the-league-phase-fixtures/,,2026-09-29 11:03 GMT+2
2026-10-02,20:45,B,B4,Bosnia and Herzegovina,Sweden,2:45 PM,401861107,,,,False,https://www.uefa.com/uefanationsleague/news/02a2-1fea18abbcbc-456e846509e7-1000--2026-27-uefa-nations-league-all-the-league-phase-fixtures/,,2026-09-29 11:03 GMT+2
2026-10-02,20:45,A,A1,France,Italy,2:45 PM,401861103,,,,False,https://www.uefa.com/uefanationsleague/news/02a2-1fea18abbcbc-456e846509e7-1000--2026-27-uefa-nations-league-all-the-league-phase-fixtures/,,2026-09-29 11:03 GMT+2
2026-10-02,20:45,B,B2,Hungary,Georgia,2:45 PM,401861102,,,,False,https://www.uefa.com/uefanationsleague/news/02a2-1fea18abbcbc-456e846509e7-1000--2026-27-uefa-nations-league-all-the-league-phase-fixtures/,,2026-09-29 11:03 GMT+2
2026-10-02,20:45,B,B4,Poland,Romania,2:45 PM,401861108,,,,False,https://www.uefa.com/uefanationsleague/news/02a2-1fea18abbcbc-456e846509e7-1000--2026-27-uefa-nations-league-all-the-league-phase-fixtures/,,2026-09-29 11:03 GMT+2
2026-10-02,20:45,B,B2,Ukraine,Northern Ireland,2:45 PM,401861106,,,,False,https://www.uefa.com/uefanationsleague/news/02a2-1fea18abbcbc-456e846509e7-1000--2026-27-uefa-nations-league-all-the-league-phase-fixtures/,,2026-09-29 11:03 GMT+2
2026-10-03,15:00,C,C1,Finland,Albania,9:00 AM,401861111,,,,False,https://www.uefa.com/uefanationsleague/news/02a2-1fea18abbcbc-456e846509e7-1000--2026-27-uefa-nations-league-all-the-league-phase-fixtures/,,2026-09-29 11:03 GMT+2
2026-10-03,18:00,C,C1,Belarus,San Marino,12:00 PM,401861114,,,,False,https://www.uefa.com/uefanationsleague/news/02a2-1fea18abbcbc-456e846509e7-1000--2026-27-uefa-nations-league-all-the-league-phase-fixtures/,,2026-09-29 11:03 GMT+2
2026-10-03,18:00,A,A3,Croatia,England,12:00 PM,401861113,,,,False,https://www.uefa.com/uefanationsleague/news/02a2-1fea18abbcbc-456e846509e7-1000--2026-27-uefa-nations-league-all-the-league-phase-fixtures/,,2026-09-29 11:03 GMT+2
2026-10-03,18:00,C,C4,Estonia,Luxembourg,12:00 PM,401861115,,,,False,https://www.uefa.com/uefanationsleague/news/02a2-1fea18abbcbc-456e846509e7-1000--2026-27-uefa-nations-league-all-the-league-phase-fixtures/,,2026-09-29 11:03 GMT+2
2026-10-03,18:00,C,C4,Iceland,Bulgaria,12:00 PM,401861112,,,,False,https://www.uefa.com/uefanationsleague/news/02a2-1fea18abbcbc-456e846509e7-1000--2026-27-uefa-nations-league-all-the-league-phase-fixtures/,,2026-09-29 11:03 GMT+2
2026-10-03,20:45,B,B1,North Macedonia,Scotland,2:45 PM,401861116,,,,False,https://www.uefa.com/uefanationsleague/news/02a2-1fea18abbcbc-456e846509e7-1000--2026-27-uefa-nations-league-all-the-league-phase-fixtures/,,2026-09-29 11:03 GMT+2
2026-10-03,20:45,A,A3,Spain,Czechia,2:45 PM,401861118,,,,False,https://www.uefa.com/uefanationsleague/news/02a2-1fea18abbcbc-456e846509e7-1000--2026-27-uefa-nations-league-all-the-league-phase-fixtures/,,2026-09-29 11:03 GMT+2
2026-10-03,20:45,B,B1,Switzerland,Slovenia,2:45 PM,401861117,,,,False,https://www.uefa.com/uefanationsleague/news/02a2-1fea18abbcbc-456e846509e7-1000--2026-27-uefa-nations-league-all-the-league-phase-fixtures/,,2026-09-29 11:03 GMT+2
2026-10-04,15:00,D,D2,Azerbaijan,Lithuania,9:00 AM,401861119,,,,False,https://www.uefa.com/uefanationsleague/news/02a2-1fea18abbcbc-456e846509e7-1000--2026-27-uefa-nations-league-all-the-league-phase-fixtures/,,2026-09-29 11:03 GMT+2
2026-10-04,18:00,B,B3,Kosovo,Austria,12:00 PM,401861121,,,,False,https://www.uefa.com/uefanationsleague/news/02a2-1fea18abbcbc-456e846509e7-1000--2026-27-uefa-nations-league-all-the-league-phase-fixtures/,,2026-09-29 11:03 GMT+2
2026-10-04,18:00,D,D1,Malta,Andorra,12:00 PM,401861120,,,,False,https://www.uefa.com/uefanationsleague/news/02a2-1fea18abbcbc-456e846509e7-1000--2026-27-uefa-nations-league-all-the-league-phase-fixtures/,,2026-09-29 11:03 GMT+2
2026-10-04,20:45,A,A2,Greece,Germany,2:45 PM,401861123,,,,False,https://www.uefa.com/uefanationsleague/news/02a2-1fea18abbcbc-456e846509e7-1000--2026-27-uefa-nations-league-all-the-league-phase-fixtures/,,2026-09-29 11:03 GMT+2
2026-10-04,20:45,A,A2,Netherlands,Serbia,2:45 PM,401861122,,,,False,https://www.uefa.com/uefanationsleague/news/02a2-1fea18abbcbc-456e846509e7-1000--2026-27-uefa-nations-league-all-the-league-phase-fixtures/,,2026-09-29 11:03 GMT+2
2026-10-04,20:45,A,A4,Portugal,Norway,2:45 PM,401861126,,,,False,https://www.uefa.com/uefanationsleague/news/02a2-1fea18abbcbc-456e846509e7-1000--2026-27-uefa-nations-league-all-the-league-phase-fixtures/,,2026-09-29 11:03 GMT+2
2026-10-04,20:45,B,B3,Republic of Ireland,Israel,2:45 PM,401861124,,,,False,https://www.uefa.com/uefanationsleague/news/02a2-1fea18abbcbc-456e846509e7-1000--2026-27-uefa-nations-league-all-the-league-phase-fixtures/,,2026-09-29 11:03 GMT+2
2026-10-04,20:45,A,A4,Wales,Denmark,2:45 PM,401861125,,,,False,https://www.uefa.com/uefanationsleague/news/02a2-1fea18abbcbc-456e846509e7-1000--2026-27-uefa-nations-league-all-the-league-phase-fixtures/,,2026-09-29 11:03 GMT+2
2026-10-05,18:00,C,C2,Cyprus,Latvia,12:00 PM,401861127,,,,False,https://www.uefa.com/uefanationsleague/news/02a2-1fea18abbcbc-456e846509e7-1000--2026-27-uefa-nations-league-all-the-league-phase-fixtures/,,2026-09-29 11:03 GMT+2
2026-10-05,20:45,B,B4,Bosnia and Herzegovina,Poland,2:45 PM,401861133,,,,False,https://www.uefa.com/uefanationsleague/news/02a2-1fea18abbcbc-456e846509e7-1000--2026-27-uefa-nations-league-all-the-league-phase-fixtures/,,2026-09-29 11:03 GMT+2
2026-10-05,20:45,A,A1,France,Belgium,2:45 PM,401861129,,,,False,https://www.uefa.com/uefanationsleague/news/02a2-1fea18abbcbc-456e846509e7-1000--2026-27-uefa-nations-league-all-the-league-phase-fixtures/,,2026-09-29 11:03 GMT+2
2026-10-05,20:45,A,A1,Italy,Türkiye,2:45 PM,401861131,,,,False,https://www.uefa.com/uefanationsleague/news/02a2-1fea18abbcbc-456e846509e7-1000--2026-27-uefa-nations-league-all-the-league-phase-fixtures/,,2026-09-29 11:03 GMT+2
2026-10-05,20:45,C,C2,Montenegro,Armenia,2:45 PM,401861130,,,,False,https://www.uefa.com/uefanationsleague/news/02a2-1fea18abbcbc-456e846509e7-1000--2026-27-uefa-nations-league-all-the-league-phase-fixtures/,,2026-09-29 11:03 GMT+2
2026-10-05,20:45,B,B2,Northern Ireland,Georgia,2:45 PM,401861132,,,,False,https://www.uefa.com/uefanationsleague/news/02a2-1fea18abbcbc-456e846509e7-1000--2026-27-uefa-nations-league-all-the-league-phase-fixtures/,,2026-09-29 11:03 GMT+2
2026-10-05,20:45,B,B4,Romania,Sweden,2:45 PM,401861128,,,,False,https://www.uefa.com/uefanationsleague/news/02a2-1fea18abbcbc-456e846509e7-1000--2026-27-uefa-nations-league-all-the-league-phase-fixtures/,,2026-09-29 11:03 GMT+2
2026-10-05,20:45,B,B2,Ukraine,Hungary,2:45 PM,401861134,,,,False,https://www.uefa.com/uefanationsleague/news/02a2-1fea18abbcbc-456e846509e7-1000--2026-27-uefa-nations-league-all-the-league-phase-fixtures/,,2026-09-29 11:03 GMT+2
